{"cameraMode":{"drawMode":0,"name":"Shaded","section":"Shading Mode"},"sceneLighting":true,"audioPlay":false,"sceneViewState":{"showFog":true,"showMaterialUpdate":false,"showSkybox":true,"showFlares":true,"showImageEffects":true,"showParticleSystems":true},"in2DMode":false,"pivot":{"x":-2.0647506713867189,"y":2.5953726768493654,"z":-18.62864112854004},"rotation":{"x":-0.14821627736091615,"y":0.02432291768491268,"z":-0.003646683180704713,"w":-0.9886491894721985},"size":10.0,"orthographic":false}